Hour,Cumulative Consumption (L)
0,0.18162645471443561
1,0.18162645471443561
2,0.18162645471443561
3,0.18162645471443561
4,0.18162645471443561
5,0.18162645471443561
6,0.18162645471443561
7,0.18162645471443561
8,0.18162645471443561
9,0.43252167908906597
10,0.5406378352728127
11,0.845912012459645
12,1.1226366906572376
13,1.2705768759485088
14,1.4121798154372414
15,1.5541107978879158
16,1.72113763196026
17,1.9339613476618194

